<?xml version="1.0" encoding="UTF-8"?>
<root>
  <item name="com.rba.ui.dialog.AlertDialogWrapper.Builder android.app.Dialog create()">
    <annotation name="android.support.annotation.UiThread" />
  </item>
  <item name="com.rba.ui.dialog.AlertDialogWrapper.Builder android.app.Dialog show()">
    <annotation name="android.support.annotation.UiThread" />
  </item>
  <item name="com.rba.ui.dialog.AlertDialogWrapper.Builder com.rba.ui.dialog.AlertDialogWrapper.Builder setIcon(int) 0">
    <annotation name="android.support.annotation.DrawableRes" />
  </item>
  <item name="com.rba.ui.dialog.AlertDialogWrapper.Builder com.rba.ui.dialog.AlertDialogWrapper.Builder setIconAttribute(int) 0">
    <annotation name="android.support.annotation.AttrRes" />
  </item>
  <item name="com.rba.ui.dialog.AlertDialogWrapper.Builder com.rba.ui.dialog.AlertDialogWrapper.Builder setItems(int, android.content.DialogInterface.OnClickListener) 0">
    <annotation name="android.support.annotation.ArrayRes" />
  </item>
  <item name="com.rba.ui.dialog.AlertDialogWrapper.Builder com.rba.ui.dialog.AlertDialogWrapper.Builder setMessage(int) 0">
    <annotation name="android.support.annotation.StringRes" />
  </item>
  <item name="com.rba.ui.dialog.AlertDialogWrapper.Builder com.rba.ui.dialog.AlertDialogWrapper.Builder setMultiChoiceItems(int, boolean[], android.content.DialogInterface.OnMultiChoiceClickListener) 0">
    <annotation name="android.support.annotation.ArrayRes" />
  </item>
  <item name="com.rba.ui.dialog.AlertDialogWrapper.Builder com.rba.ui.dialog.AlertDialogWrapper.Builder setNegativeButton(int, android.content.DialogInterface.OnClickListener) 0">
    <annotation name="android.support.annotation.StringRes" />
  </item>
  <item name="com.rba.ui.dialog.AlertDialogWrapper.Builder com.rba.ui.dialog.AlertDialogWrapper.Builder setNeutralButton(int, android.content.DialogInterface.OnClickListener) 0">
    <annotation name="android.support.annotation.StringRes" />
  </item>
  <item name="com.rba.ui.dialog.AlertDialogWrapper.Builder com.rba.ui.dialog.AlertDialogWrapper.Builder setPositiveButton(int, android.content.DialogInterface.OnClickListener) 0">
    <annotation name="android.support.annotation.StringRes" />
  </item>
  <item name="com.rba.ui.dialog.AlertDialogWrapper.Builder com.rba.ui.dialog.AlertDialogWrapper.Builder setSingleChoiceItems(int, int, android.content.DialogInterface.OnClickListener) 0">
    <annotation name="android.support.annotation.ArrayRes" />
  </item>
  <item name="com.rba.ui.dialog.AlertDialogWrapper.Builder com.rba.ui.dialog.AlertDialogWrapper.Builder setTitle(int) 0">
    <annotation name="android.support.annotation.StringRes" />
  </item>
  <item name="com.rba.ui.dialog.DialogInit int getInflateLayout(com.rba.ui.dialog.MaterialDialog.Builder)">
    <annotation name="android.support.annotation.LayoutRes" />
  </item>
  <item name="com.rba.ui.dialog.DialogInit int getTheme(com.rba.ui.dialog.MaterialDialog.Builder)">
    <annotation name="android.support.annotation.StyleRes" />
  </item>
  <item name="com.rba.ui.dialog.DialogInit void init(com.rba.ui.dialog.MaterialDialog)">
    <annotation name="android.support.annotation.UiThread" />
  </item>
  <item name="com.rba.ui.dialog.MaterialDialog void setActionButton(com.rba.ui.dialog.DialogAction, int) 1">
    <annotation name="android.support.annotation.StringRes" />
  </item>
  <item name="com.rba.ui.dialog.MaterialDialog void setActionButton(com.rba.ui.dialog.DialogAction, java.lang.CharSequence)">
    <annotation name="android.support.annotation.UiThread" />
  </item>
  <item name="com.rba.ui.dialog.MaterialDialog void setContent(int)">
    <annotation name="android.support.annotation.UiThread" />
  </item>
  <item name="com.rba.ui.dialog.MaterialDialog void setContent(int) 0">
    <annotation name="android.support.annotation.StringRes" />
  </item>
  <item name="com.rba.ui.dialog.MaterialDialog void setContent(int, java.lang.Object...)">
    <annotation name="android.support.annotation.UiThread" />
  </item>
  <item name="com.rba.ui.dialog.MaterialDialog void setContent(int, java.lang.Object...) 0">
    <annotation name="android.support.annotation.StringRes" />
  </item>
  <item name="com.rba.ui.dialog.MaterialDialog void setContent(java.lang.CharSequence)">
    <annotation name="android.support.annotation.UiThread" />
  </item>
  <item name="com.rba.ui.dialog.MaterialDialog void setIcon(android.graphics.drawable.Drawable)">
    <annotation name="android.support.annotation.UiThread" />
  </item>
  <item name="com.rba.ui.dialog.MaterialDialog void setIcon(int)">
    <annotation name="android.support.annotation.UiThread" />
  </item>
  <item name="com.rba.ui.dialog.MaterialDialog void setIcon(int) 0">
    <annotation name="android.support.annotation.DrawableRes" />
  </item>
  <item name="com.rba.ui.dialog.MaterialDialog void setIconAttribute(int)">
    <annotation name="android.support.annotation.UiThread" />
  </item>
  <item name="com.rba.ui.dialog.MaterialDialog void setIconAttribute(int) 0">
    <annotation name="android.support.annotation.AttrRes" />
  </item>
  <item name="com.rba.ui.dialog.MaterialDialog void setItems(java.lang.CharSequence[])">
    <annotation name="android.support.annotation.UiThread" />
  </item>
  <item name="com.rba.ui.dialog.MaterialDialog void setSelectedIndex(int)">
    <annotation name="android.support.annotation.UiThread" />
  </item>
  <item name="com.rba.ui.dialog.MaterialDialog void setSelectedIndices(java.lang.Integer[])">
    <annotation name="android.support.annotation.UiThread" />
  </item>
  <item name="com.rba.ui.dialog.MaterialDialog void setTitle(int)">
    <annotation name="android.support.annotation.UiThread" />
  </item>
  <item name="com.rba.ui.dialog.MaterialDialog void setTitle(int) 0">
    <annotation name="android.support.annotation.StringRes" />
  </item>
  <item name="com.rba.ui.dialog.MaterialDialog void setTitle(int, java.lang.Object...)">
    <annotation name="android.support.annotation.UiThread" />
  </item>
  <item name="com.rba.ui.dialog.MaterialDialog void setTitle(int, java.lang.Object...) 0">
    <annotation name="android.support.annotation.StringRes" />
  </item>
  <item name="com.rba.ui.dialog.MaterialDialog void setTitle(java.lang.CharSequence)">
    <annotation name="android.support.annotation.UiThread" />
  </item>
  <item name="com.rba.ui.dialog.MaterialDialog void show()">
    <annotation name="android.support.annotation.UiThread" />
  </item>
  <item name="com.rba.ui.dialog.MaterialDialog.Builder btnSelectorNegative">
    <annotation name="android.support.annotation.DrawableRes" />
  </item>
  <item name="com.rba.ui.dialog.MaterialDialog.Builder btnSelectorNeutral">
    <annotation name="android.support.annotation.DrawableRes" />
  </item>
  <item name="com.rba.ui.dialog.MaterialDialog.Builder btnSelectorPositive">
    <annotation name="android.support.annotation.DrawableRes" />
  </item>
  <item name="com.rba.ui.dialog.MaterialDialog.Builder btnSelectorStacked">
    <annotation name="android.support.annotation.DrawableRes" />
  </item>
  <item name="com.rba.ui.dialog.MaterialDialog.Builder com.rba.ui.dialog.MaterialDialog build()">
    <annotation name="android.support.annotation.UiThread" />
  </item>
  <item name="com.rba.ui.dialog.MaterialDialog.Builder com.rba.ui.dialog.MaterialDialog show()">
    <annotation name="android.support.annotation.UiThread" />
  </item>
  <item name="com.rba.ui.dialog.MaterialDialog.Builder com.rba.ui.dialog.MaterialDialog.Builder backgroundColor(int) 0">
    <annotation name="android.support.annotation.ColorInt" />
  </item>
  <item name="com.rba.ui.dialog.MaterialDialog.Builder com.rba.ui.dialog.MaterialDialog.Builder backgroundColorAttr(int) 0">
    <annotation name="android.support.annotation.AttrRes" />
  </item>
  <item name="com.rba.ui.dialog.MaterialDialog.Builder com.rba.ui.dialog.MaterialDialog.Builder backgroundColorRes(int) 0">
    <annotation name="android.support.annotation.ColorRes" />
  </item>
  <item name="com.rba.ui.dialog.MaterialDialog.Builder com.rba.ui.dialog.MaterialDialog.Builder btnSelector(int) 0">
    <annotation name="android.support.annotation.DrawableRes" />
  </item>
  <item name="com.rba.ui.dialog.MaterialDialog.Builder com.rba.ui.dialog.MaterialDialog.Builder btnSelector(int, com.rba.ui.dialog.DialogAction) 0">
    <annotation name="android.support.annotation.DrawableRes" />
  </item>
  <item name="com.rba.ui.dialog.MaterialDialog.Builder com.rba.ui.dialog.MaterialDialog.Builder btnSelectorStacked(int) 0">
    <annotation name="android.support.annotation.DrawableRes" />
  </item>
  <item name="com.rba.ui.dialog.MaterialDialog.Builder com.rba.ui.dialog.MaterialDialog.Builder content(int) 0">
    <annotation name="android.support.annotation.StringRes" />
  </item>
  <item name="com.rba.ui.dialog.MaterialDialog.Builder com.rba.ui.dialog.MaterialDialog.Builder content(int, java.lang.Object...) 0">
    <annotation name="android.support.annotation.StringRes" />
  </item>
  <item name="com.rba.ui.dialog.MaterialDialog.Builder com.rba.ui.dialog.MaterialDialog.Builder contentColor(int) 0">
    <annotation name="android.support.annotation.ColorInt" />
  </item>
  <item name="com.rba.ui.dialog.MaterialDialog.Builder com.rba.ui.dialog.MaterialDialog.Builder contentColorAttr(int) 0">
    <annotation name="android.support.annotation.AttrRes" />
  </item>
  <item name="com.rba.ui.dialog.MaterialDialog.Builder com.rba.ui.dialog.MaterialDialog.Builder contentColorRes(int) 0">
    <annotation name="android.support.annotation.ColorRes" />
  </item>
  <item name="com.rba.ui.dialog.MaterialDialog.Builder com.rba.ui.dialog.MaterialDialog.Builder customView(int, boolean) 0">
    <annotation name="android.support.annotation.LayoutRes" />
  </item>
  <item name="com.rba.ui.dialog.MaterialDialog.Builder com.rba.ui.dialog.MaterialDialog.Builder dividerColor(int) 0">
    <annotation name="android.support.annotation.ColorInt" />
  </item>
  <item name="com.rba.ui.dialog.MaterialDialog.Builder com.rba.ui.dialog.MaterialDialog.Builder dividerColorAttr(int) 0">
    <annotation name="android.support.annotation.AttrRes" />
  </item>
  <item name="com.rba.ui.dialog.MaterialDialog.Builder com.rba.ui.dialog.MaterialDialog.Builder dividerColorRes(int) 0">
    <annotation name="android.support.annotation.ColorRes" />
  </item>
  <item name="com.rba.ui.dialog.MaterialDialog.Builder com.rba.ui.dialog.MaterialDialog.Builder iconAttr(int) 0">
    <annotation name="android.support.annotation.AttrRes" />
  </item>
  <item name="com.rba.ui.dialog.MaterialDialog.Builder com.rba.ui.dialog.MaterialDialog.Builder iconRes(int) 0">
    <annotation name="android.support.annotation.DrawableRes" />
  </item>
  <item name="com.rba.ui.dialog.MaterialDialog.Builder com.rba.ui.dialog.MaterialDialog.Builder input(int, int, boolean, com.rba.ui.dialog.MaterialDialog.InputCallback) 0">
    <annotation name="android.support.annotation.StringRes" />
  </item>
  <item name="com.rba.ui.dialog.MaterialDialog.Builder com.rba.ui.dialog.MaterialDialog.Builder input(int, int, boolean, com.rba.ui.dialog.MaterialDialog.InputCallback) 1">
    <annotation name="android.support.annotation.StringRes" />
  </item>
  <item name="com.rba.ui.dialog.MaterialDialog.Builder com.rba.ui.dialog.MaterialDialog.Builder input(int, int, com.rba.ui.dialog.MaterialDialog.InputCallback) 0">
    <annotation name="android.support.annotation.StringRes" />
  </item>
  <item name="com.rba.ui.dialog.MaterialDialog.Builder com.rba.ui.dialog.MaterialDialog.Builder input(int, int, com.rba.ui.dialog.MaterialDialog.InputCallback) 1">
    <annotation name="android.support.annotation.StringRes" />
  </item>
  <item name="com.rba.ui.dialog.MaterialDialog.Builder com.rba.ui.dialog.MaterialDialog.Builder inputMaxLengthRes(int, int) 1">
    <annotation name="android.support.annotation.ColorRes" />
  </item>
  <item name="com.rba.ui.dialog.MaterialDialog.Builder com.rba.ui.dialog.MaterialDialog.Builder itemColor(int) 0">
    <annotation name="android.support.annotation.ColorInt" />
  </item>
  <item name="com.rba.ui.dialog.MaterialDialog.Builder com.rba.ui.dialog.MaterialDialog.Builder itemColorAttr(int) 0">
    <annotation name="android.support.annotation.AttrRes" />
  </item>
  <item name="com.rba.ui.dialog.MaterialDialog.Builder com.rba.ui.dialog.MaterialDialog.Builder itemColorRes(int) 0">
    <annotation name="android.support.annotation.ColorRes" />
  </item>
  <item name="com.rba.ui.dialog.MaterialDialog.Builder com.rba.ui.dialog.MaterialDialog.Builder items(int) 0">
    <annotation name="android.support.annotation.ArrayRes" />
  </item>
  <item name="com.rba.ui.dialog.MaterialDialog.Builder com.rba.ui.dialog.MaterialDialog.Builder listSelector(int) 0">
    <annotation name="android.support.annotation.DrawableRes" />
  </item>
  <item name="com.rba.ui.dialog.MaterialDialog.Builder com.rba.ui.dialog.MaterialDialog.Builder maxIconSizeRes(int) 0">
    <annotation name="android.support.annotation.DimenRes" />
  </item>
  <item name="com.rba.ui.dialog.MaterialDialog.Builder com.rba.ui.dialog.MaterialDialog.Builder negativeColor(int) 0">
    <annotation name="android.support.annotation.ColorInt" />
  </item>
  <item name="com.rba.ui.dialog.MaterialDialog.Builder com.rba.ui.dialog.MaterialDialog.Builder negativeColorAttr(int) 0">
    <annotation name="android.support.annotation.AttrRes" />
  </item>
  <item name="com.rba.ui.dialog.MaterialDialog.Builder com.rba.ui.dialog.MaterialDialog.Builder negativeColorRes(int) 0">
    <annotation name="android.support.annotation.ColorRes" />
  </item>
  <item name="com.rba.ui.dialog.MaterialDialog.Builder com.rba.ui.dialog.MaterialDialog.Builder negativeText(int) 0">
    <annotation name="android.support.annotation.StringRes" />
  </item>
  <item name="com.rba.ui.dialog.MaterialDialog.Builder com.rba.ui.dialog.MaterialDialog.Builder neutralColor(int) 0">
    <annotation name="android.support.annotation.ColorInt" />
  </item>
  <item name="com.rba.ui.dialog.MaterialDialog.Builder com.rba.ui.dialog.MaterialDialog.Builder neutralColorAttr(int) 0">
    <annotation name="android.support.annotation.AttrRes" />
  </item>
  <item name="com.rba.ui.dialog.MaterialDialog.Builder com.rba.ui.dialog.MaterialDialog.Builder neutralColorRes(int) 0">
    <annotation name="android.support.annotation.ColorRes" />
  </item>
  <item name="com.rba.ui.dialog.MaterialDialog.Builder com.rba.ui.dialog.MaterialDialog.Builder neutralText(int) 0">
    <annotation name="android.support.annotation.StringRes" />
  </item>
  <item name="com.rba.ui.dialog.MaterialDialog.Builder com.rba.ui.dialog.MaterialDialog.Builder positiveColor(int) 0">
    <annotation name="android.support.annotation.ColorInt" />
  </item>
  <item name="com.rba.ui.dialog.MaterialDialog.Builder com.rba.ui.dialog.MaterialDialog.Builder positiveColorAttr(int) 0">
    <annotation name="android.support.annotation.AttrRes" />
  </item>
  <item name="com.rba.ui.dialog.MaterialDialog.Builder com.rba.ui.dialog.MaterialDialog.Builder positiveColorRes(int) 0">
    <annotation name="android.support.annotation.ColorRes" />
  </item>
  <item name="com.rba.ui.dialog.MaterialDialog.Builder com.rba.ui.dialog.MaterialDialog.Builder positiveText(int) 0">
    <annotation name="android.support.annotation.StringRes" />
  </item>
  <item name="com.rba.ui.dialog.MaterialDialog.Builder com.rba.ui.dialog.MaterialDialog.Builder title(int) 0">
    <annotation name="android.support.annotation.StringRes" />
  </item>
  <item name="com.rba.ui.dialog.MaterialDialog.Builder com.rba.ui.dialog.MaterialDialog.Builder titleColor(int) 0">
    <annotation name="android.support.annotation.ColorInt" />
  </item>
  <item name="com.rba.ui.dialog.MaterialDialog.Builder com.rba.ui.dialog.MaterialDialog.Builder titleColorAttr(int) 0">
    <annotation name="android.support.annotation.AttrRes" />
  </item>
  <item name="com.rba.ui.dialog.MaterialDialog.Builder com.rba.ui.dialog.MaterialDialog.Builder titleColorRes(int) 0">
    <annotation name="android.support.annotation.ColorRes" />
  </item>
  <item name="com.rba.ui.dialog.MaterialDialog.Builder com.rba.ui.dialog.MaterialDialog.Builder widgetColor(int) 0">
    <annotation name="android.support.annotation.ColorInt" />
  </item>
  <item name="com.rba.ui.dialog.MaterialDialog.Builder com.rba.ui.dialog.MaterialDialog.Builder widgetColorAttr(int) 0">
    <annotation name="android.support.annotation.AttrRes" />
  </item>
  <item name="com.rba.ui.dialog.MaterialDialog.Builder com.rba.ui.dialog.MaterialDialog.Builder widgetColorRes(int) 0">
    <annotation name="android.support.annotation.ColorRes" />
  </item>
  <item name="com.rba.ui.dialog.MaterialDialog.Builder listSelector">
    <annotation name="android.support.annotation.DrawableRes" />
  </item>
  <item name="com.rba.ui.dialog.MaterialDialogAdapter MaterialDialogAdapter(com.rba.ui.dialog.MaterialDialog, int) 1">
    <annotation name="android.support.annotation.LayoutRes" />
  </item>
  <item name="com.rba.ui.dialog.MaterialDialogAdapter layout">
    <annotation name="android.support.annotation.LayoutRes" />
  </item>
  <item name="com.rba.ui.dialog.ThemeSingleton backgroundColor">
    <annotation name="android.support.annotation.ColorInt" />
  </item>
  <item name="com.rba.ui.dialog.ThemeSingleton btnSelectorNegative">
    <annotation name="android.support.annotation.DrawableRes" />
  </item>
  <item name="com.rba.ui.dialog.ThemeSingleton btnSelectorNeutral">
    <annotation name="android.support.annotation.DrawableRes" />
  </item>
  <item name="com.rba.ui.dialog.ThemeSingleton btnSelectorPositive">
    <annotation name="android.support.annotation.DrawableRes" />
  </item>
  <item name="com.rba.ui.dialog.ThemeSingleton btnSelectorStacked">
    <annotation name="android.support.annotation.DrawableRes" />
  </item>
  <item name="com.rba.ui.dialog.ThemeSingleton contentColor">
    <annotation name="android.support.annotation.ColorInt" />
  </item>
  <item name="com.rba.ui.dialog.ThemeSingleton dividerColor">
    <annotation name="android.support.annotation.ColorInt" />
  </item>
  <item name="com.rba.ui.dialog.ThemeSingleton itemColor">
    <annotation name="android.support.annotation.ColorInt" />
  </item>
  <item name="com.rba.ui.dialog.ThemeSingleton listSelector">
    <annotation name="android.support.annotation.DrawableRes" />
  </item>
  <item name="com.rba.ui.dialog.ThemeSingleton negativeColor">
    <annotation name="android.support.annotation.ColorInt" />
  </item>
  <item name="com.rba.ui.dialog.ThemeSingleton neutralColor">
    <annotation name="android.support.annotation.ColorInt" />
  </item>
  <item name="com.rba.ui.dialog.ThemeSingleton positiveColor">
    <annotation name="android.support.annotation.ColorInt" />
  </item>
  <item name="com.rba.ui.dialog.ThemeSingleton titleColor">
    <annotation name="android.support.annotation.ColorInt" />
  </item>
  <item name="com.rba.ui.dialog.ThemeSingleton widgetColor">
    <annotation name="android.support.annotation.ColorInt" />
  </item>
</root>

