<?xml version="1.0" encoding="UTF-8"?>
<root>
  <item name="com.rba.ui.dialog.util.DialogUtils android.graphics.drawable.Drawable resolveDrawable(android.content.Context, int) 1">
    <annotation name="android.support.annotation.AttrRes" />
  </item>
  <item name="com.rba.ui.dialog.util.DialogUtils android.graphics.drawable.Drawable resolveDrawable(android.content.Context, int, android.graphics.drawable.Drawable) 1">
    <annotation name="android.support.annotation.AttrRes" />
  </item>
  <item name="com.rba.ui.dialog.util.DialogUtils boolean resolveBoolean(android.content.Context, int) 1">
    <annotation name="android.support.annotation.AttrRes" />
  </item>
  <item name="com.rba.ui.dialog.util.DialogUtils boolean resolveBoolean(android.content.Context, int, boolean) 1">
    <annotation name="android.support.annotation.AttrRes" />
  </item>
  <item name="com.rba.ui.dialog.util.DialogUtils com.rba.ui.dialog.GravityEnum resolveGravityEnum(android.content.Context, int, com.rba.ui.dialog.GravityEnum) 1">
    <annotation name="android.support.annotation.AttrRes" />
  </item>
  <item name="com.rba.ui.dialog.util.DialogUtils int resolveColor(android.content.Context, int) 1">
    <annotation name="android.support.annotation.AttrRes" />
  </item>
  <item name="com.rba.ui.dialog.util.DialogUtils int resolveColor(android.content.Context, int, int) 1">
    <annotation name="android.support.annotation.AttrRes" />
  </item>
  <item name="com.rba.ui.dialog.util.DialogUtils int resolveDimension(android.content.Context, int) 1">
    <annotation name="android.support.annotation.AttrRes" />
  </item>
  <item name="com.rba.ui.dialog.util.DialogUtils int resolveDimension(android.content.Context, int, int) 1">
    <annotation name="android.support.annotation.AttrRes" />
  </item>
  <item name="com.rba.ui.dialog.util.DialogUtils java.lang.String resolveString(android.content.Context, int) 1">
    <annotation name="android.support.annotation.AttrRes" />
  </item>
</root>

