<?xml version="1.0" encoding="UTF-8"?>
<root>
  <item name="com.rba.ui.MaterialAutoCompleteTextView android.graphics.Bitmap[] generateIconBitmaps(int) 0">
    <annotation name="android.support.annotation.DrawableRes" />
  </item>
  <item name="com.rba.ui.MaterialAutoCompleteTextView void setFloatingLabel(int) 0">
    <annotation name="android.support.annotation.IntDef">
      <val name="value" val="{com.rba.ui.MaterialAutoCompleteTextView.FLOATING_LABEL_NONE, com.rba.ui.MaterialAutoCompleteTextView.FLOATING_LABEL_NORMAL, com.rba.ui.MaterialAutoCompleteTextView.FLOATING_LABEL_HIGHLIGHT}" />
    </annotation>
  </item>
  <item name="com.rba.ui.MaterialAutoCompleteTextView void setIconLeft(int) 0">
    <annotation name="android.support.annotation.DrawableRes" />
  </item>
  <item name="com.rba.ui.MaterialAutoCompleteTextView void setIconRight(int) 0">
    <annotation name="android.support.annotation.DrawableRes" />
  </item>
  <item name="com.rba.ui.MaterialEditText android.graphics.Bitmap[] generateIconBitmaps(int) 0">
    <annotation name="android.support.annotation.DrawableRes" />
  </item>
  <item name="com.rba.ui.MaterialEditText void setFloatingLabel(int) 0">
    <annotation name="android.support.annotation.IntDef">
      <val name="value" val="{com.rba.ui.MaterialEditText.FLOATING_LABEL_NONE, com.rba.ui.MaterialEditText.FLOATING_LABEL_NORMAL, com.rba.ui.MaterialEditText.FLOATING_LABEL_HIGHLIGHT}" />
    </annotation>
  </item>
  <item name="com.rba.ui.MaterialEditText void setIconLeft(int) 0">
    <annotation name="android.support.annotation.DrawableRes" />
  </item>
  <item name="com.rba.ui.MaterialEditText void setIconRight(int) 0">
    <annotation name="android.support.annotation.DrawableRes" />
  </item>
  <item name="com.rba.ui.MaterialMultiAutoCompleteTextView android.graphics.Bitmap[] generateIconBitmaps(int) 0">
    <annotation name="android.support.annotation.DrawableRes" />
  </item>
  <item name="com.rba.ui.MaterialMultiAutoCompleteTextView void setFloatingLabel(int) 0">
    <annotation name="android.support.annotation.IntDef">
      <val name="value" val="{com.rba.ui.MaterialMultiAutoCompleteTextView.FLOATING_LABEL_NONE, com.rba.ui.MaterialMultiAutoCompleteTextView.FLOATING_LABEL_NORMAL, com.rba.ui.MaterialMultiAutoCompleteTextView.FLOATING_LABEL_HIGHLIGHT}" />
    </annotation>
  </item>
  <item name="com.rba.ui.MaterialMultiAutoCompleteTextView void setIconLeft(int) 0">
    <annotation name="android.support.annotation.DrawableRes" />
  </item>
  <item name="com.rba.ui.MaterialMultiAutoCompleteTextView void setIconRight(int) 0">
    <annotation name="android.support.annotation.DrawableRes" />
  </item>
</root>

